﻿id;name;nik;age;gender;marital;jobPosition;currentCity;levelEdu;majoring;gpa;Institution;exper;last_position;expect_salary;pt_Personality;pt_Intelligent;applyOn;status;bufferStock
1;John;3542990000000000;23;Male;Married;Manager HR, Data Analyst (Tech);Surabaya;S1;Psikologi;3,8;Universitas Harvard;1;Kepala Divisi Human Capital;Rp4.000.000;DC;119;05/01/2024;New;0
2;Alice;3542990000000000;24;Female;Single;Manager HR, System Analyst;Surabaya;S1;Accounting;3,9;Universitas Stanford;2;Manajer Sumber Daya Manusia;Rp4.000.000;AB;100;05/01/2024;New;0
3;David;3542990000000000;32;Male;Single;Manager HR;Surabaya;S2;Manajemen;3,7;Institut Teknologi Massachusetts;3;Koordinator Pengembangan SDM;Rp4.000.000;CF;99;05/01/2024;New;0
4;Emily;3542990000000000;28;Female;Single;Manager HR;Surabaya;S2;Manajemen;4;Institut Teknologi California;4;Spesialis Rekrutmen;Rp4.000.000;GT;108;05/01/2024;New;0
5;Michael;3542990000000000;35;Male;Single;Data Analyst (Tech), System Analyst;Surabaya;S2;Ilmu Hukum;3,6;Universitas Oxford;5;Spesialis Pelatihan dan Pengembangan;Rp4.000.000;EG;106;05/01/2024;New;0
6;Jessica;3542990000000000;21;Female;Single;Manager HR;Surabaya;S1;Psikologi;3,8;Universitas Cambridge;1;Analis Kinerja Karyawan;Rp4.000.000;-;-;05/01/2024;New;0
7;Daniel;3542990000000000;30;Male;Single;Data Analyst (Tech);Surabaya;S1;Administrasi Bisnis;3,9;Universitas California;2;Administrator Kompensasi dan Manfaat;Rp4.000.000;-;-;05/01/2024;New;0
8;Sophia;3542990000000000;25;Female;Single;Human Resources Manager;Surabaya;S1;Psikologi;3,7;Universitas Chicago;2;Spesialis Hubungan Industrial;Rp4.000.000;-;-;05/01/2024;New;0
9;Matthew;3542990000000000;29;Male;Single;Human Resources Manager;Sidoarjo;S1;Administrasi Bisnis;3,9;Universitas Princeton;2;Analis Kebijakan Personalia;Rp4.000.000;-;-;05/01/2024;New;0
10;Emma;3542990000000000;24;Female;Single;Human Resources Manager;Sidoarjo;S1;Bisnis Digital;3,8;Universitas Yale;1;Manajer Komunikasi Perusahaan;Rp4.000.000;-;-;05/01/2024;New;0
11;Andrew;3542990000000000;25;Male;Single;Human Resources Manager;Sidoarjo;S1;Ekonomi;4;Universitas Columbia;1;Koordinator Media Sosial;Rp4.000.000;-;-;05/01/2024;New;0
12;Olivia;3542990000000000;22;Female;Single;System Analyst, Human Resources Manager;Sidoarjo;S1;Komunikasi;3,7;Universitas Pennsylvania;1;Spesialis Hubungan Masyarakat;Rp4.000.000;-;-;05/02/2024;New;0
13;Ethan;3542990000000000;23;Male;Single;System Analyst;Sidoarjo;S1;Manajemen;3,9;Universitas Johns Hopkins;1;Manajer Hubungan Investor;Rp4.000.000;-;-;05/02/2024;New;0
14;Isabella;3542990000000000;21;Female;Single;Data Analyst (Tech), System Analyst;Jakarta;S2;Matematika;3,8;Universitas Northwestern;1;Koordinator Urusan Pemerintah;Rp4.000.000;-;-;05/02/2024;New;0
15;William;3542990000000000;29;Male;Single;System Analyst;Jakarta;S1;Sosiologi;4;Universitas Michigan;2;Spesialis Kepatuhan Peraturan;Rp4.000.000;-;-;05/02/2024;New;0
16;Ava;3542990000000000;22;Female;Single;Data Analyst (Tech);Gresik;S1;Akuntansi Digital;3,7;Universitas Toronto;3;Analis Hukum Perusahaan;Rp4.000.000;-;-;05/02/2024;New;0
17;Ryan;3542990000000000;21;Male;Single;-;Gresik;S1;Ilmu Komunikasi;3,9;Universitas College London;3;Manajer Keberlanjutan Perusahaan;Rp4.000.000;-;-;05/02/2024;New;0
18;Mia;3542990000000000;25;Female;Single;Data Analyst (Tech);Gresik;S1;Perpajakan;3,8;Universitas California;3;Koordinator Program Kesejahteraan Karyawan;Rp4.000.000;-;-;05/02/2024;New;0
19;James;3542990000000000;35;Male;Single;-;Gresik;S1;Sosiologi;4;Universitas Duke;1;Spesialis Keselamatan dan Kesehatan Kerja;Rp7.000.000;-;-;05/02/2024;New;0
20;Charlotte;3542990000000000;26;Female;Single;Data Analyst (Tech), Human Capital Staff;Bandung;S1;Manajemen SDM;3,7;Universitas California;3;Manajer Layanan Karyawan;Rp7.000.000;-;-;05/02/2024;New;0
21;William;3542990000000000;26;Male;Single;Human Capital Staff;Surabaya;S2;Manajemen;3,7;Universitas Stanford;3;Koordinator Pengembangan Budaya Organisasi;Rp7.000.000;-;-;05/02/2024;New;0
22;Ava;3542990000000000;21;Female;Married;Human Capital Staff;Surabaya;S2;Manajemen;3,9;Institut Teknologi Massachusetts;3;Spesialis Keanekaragaman dan Inklusi;Rp7.000.000;-;-;05/02/2024;New;0
23;James;3542990000000000;22;Male;Married;Human Capital Staff;Surabaya;S1;Psikologi;3,8;Universitas Harvard;3;Analis Penggajian;Rp7.000.000;-;-;05/03/2024;New;0
24;Charlotte;3542990000000000;24;Female;Married;Human Capital Staff;Surabaya;S2;Manajemen;4;Universitas Stanford;3;Administrator Personalia;Rp7.000.000;-;-;05/03/2024;New;0
25;Liam;3542990000000000;22;Male;Married;Human Capital Staff;Surabaya;S1;Psikologi;3,6;Institut Teknologi California;3;Spesialis Manajemen Kinerja;Rp7.000.000;-;-;05/03/2024;New;0
26;Amelia;3542990000000000;29;Female;Married;Human Capital Staff;Surabaya;S1;Akuntansi;3,8;Universitas Oxford;2;Manajer Penghargaan dan Pengakuan;Rp7.000.000;-;-;05/03/2024;New;0
27;Benjamin;3542990000000000;21;Male;Married;Human Capital Staff;Surabaya;S2;Pemasaran;3,9;Universitas Cambridge;1;Koordinator Program Pendidikan Karyawan;Rp7.000.000;-;-;05/03/2024;New;0
28;Mia;3542990000000000;27;Female;Married;-;Surabaya;S2;Manajemen;3,7;Universitas Yale;2;Spesialis Kesejahteraan Karyawan;Rp7.000.000;-;-;05/03/2024;New;0
29;Henry;3542990000000000;30;Male;Married;-;Surabaya;S1;Bisnis Internasional;3,9;Institut Teknologi California;1;Manajer Kesehatan dan Kesejahteraan Karyawan;Rp7.000.000;-;-;05/04/2024;New;0
30;Elizabeth;3542990000000000;52;Female;Married;-;Surabaya;S1;Hukum;3,8;Universitas Stanford;1;Koordinator Kesetaraan Kerja;Rp7.000.000;-;-;05/04/2024;New;0
31;Alexander;3542990000000000;27;Male;Married;-;Surabaya;S2;Psikologi;3,7;Institut Teknologi Massachusetts;1;Spesialis Pengembangan Organisasi;Rp7.000.000;-;-;05/04/2024;New;0
32;Evelyn;3542990000000000;30;Female;Married;-;Surabaya;S1;Manajemen;3,8;Universitas Chicago;2;Analis Pengelolaan Kinerja;Rp5.000.000;-;-;05/04/2024;New;0
33;Michael;3542990000000000;39;Male;Married;-;Surabaya;S2;Akuntansi;3,9;Universitas Harvard;1;Administrator Manfaat Karyawan;Rp5.000.000;-;-;05/04/2024;New;0
34;Scarlett;3542990000000000;52;Female;Married;-;Surabaya;S1;Manajemen;3,7;Universitas Yale;1;Spesialis Pengembangan Kepemimpinan;Rp5.000.000;-;-;05/04/2024;New;0
35;Daniel;3542990000000000;30;Male;Married;-;Surabaya;S1;Psikologi;3,8;Institut Teknologi California;1;Manajer Komunikasi Internal;Rp5.000.000;-;-;05/06/2024;New;0
36;Grace;3542990000000000;23;Female;Married;-;Surabaya;S2;Manajemen;3,9;Universitas Stanford;4;Koordinator Acara Perusahaan;Rp5.000.000;-;-;05/06/2024;New;0
37;Lucas;3542990000000000;24;Male;Married;-;Surabaya;S1;Psikologi;3,6;Universitas Oxford;4;Spesialis Hubungan Eksternal;Rp5.000.000;-;-;05/06/2024;New;0
38;Chloe;3542990000000000;28;Female;Married;-;Surabaya;S1;Akuntansi;3,8;Universitas Cambridge;3;Analis Pengelolaan Konflik;Rp5.000.000;-;-;05/06/2024;New;0
39;Jackson;3542990000000000;28;Male;Married;-;Surabaya;S2;Manajemen;3,9;Institut Teknologi Massachusetts;3;Manajer Keamanan Kerja;Rp5.000.000;-;-;05/06/2024;New;0
40;Lily;3542990000000000;30;Female;Single;-;Surabaya;S1;Psikologi;3,7;Universitas Chicago;3;Koordinator Program Kesehatan;Rp5.000.000;-;-;05/06/2024;New;0
41;Sebastian;3542990000000000;23;Male;Single;-;Surabaya;S2;Akuntansi;3,8;Universitas Yale;2;Spesialis Pengembangan Karir;Rp5.000.000;-;-;05/07/2024;New;0
42;Sophie;3542990000000000;24;Female;Single;-;Surabaya;S1;Manajemen;4;Universitas Stanford;2;Administrator Pelatihan;Rp5.000.000;-;-;05/07/2024;New;0
43;Logan;3542990000000000;23;Male;Single;-;Surabaya;S2;Hukum;3,6;Institut Teknologi California;2;Spesialis Pembinaan Karyawan;Rp5.000.000;-;-;05/07/2024;New;0
44;Avery;3542990000000000;24;Female;Single;-;Surabaya;S1;Manajemen;3,8;Universitas Oxford;2;Analis Kepemimpinan Karyawan;Rp5.000.000;-;-;05/07/2024;New;0
45;Oliver;3542990000000000;26;Male;Single;-;Surabaya;S1;Psikologi;3,9;Universitas Cambridge;1;Manajer Kesejahteraan Perusahaan;Rp5.000.000;-;-;05/07/2024;New;0
46;Mila;3542990000000000;28;Female;Single;-;Surabaya;S2;Akuntansi;3,7;Universitas Harvard;1;Koordinator Program Kebahagiaan Kerja;Rp5.000.000;-;-;05/07/2024;New;0
47;Levi;3542990000000000;24;Male;Single;-;Surabaya;S1;Manajemen;3,8;Universitas Yale;1;Spesialis Hubungan Industri;Rp5.000.000;-;-;05/07/2024;New;0
48;Aria;3542990000000000;27;Female;Single;-;Surabaya;S2;Psikologi;3,9;Institut Teknologi Massachusetts;1;Analis Kesejahteraan Mental;Rp5.000.000;-;-;05/07/2024;New;0
49;Zidha;3542990000000000;24;Male;Single;-;Surabaya;S1;Manajemen Internasional;3,9;Universitas Stanford;2;Administrator Pengakuan Karyawan;Rp5.000.000;DC;119;05/07/2024;New;0
50;Henri;3542990000000000;22;Male;Single;-;Sidoarjo;S1;Psikologi;4;Universitas Korea;2;Spesialis Pemantauan Kinerja;Rp5.000.000;AB;122;05/07/2024;New;0
